ArrayName,PointA_x,PointA_y,PointA_z,PointB_x,PointB_y,PointB_z,PointC_x,PointC_y,PointC_z,PointD_x,PointD_y,PointD_z
Gen Two Face Array 1 - Top,-33.9,88.3,-45.80002876944397,17.3,66.7,-33.32926295494805,48.0,0.0,6.0,-30.1,0.0,6.0
Gen Two Face Array 1 - Bottom,-30.1,0.0,6.0,48.0,0.0,6.0,14.2,-82.9,-53.04233731581999,-47.6,-73.0,-47.32656965084269
Gen Two Face Array 2 - Top,-25.6,91.9,-47.878489738526625,34.4,70.6,-35.58092900478759,35.3,0.0,6.0,-20.8,0.0,6.0
Gen Two Face Array 2 - Bottom,-20.8,0.0,6.0,35.3,0.0,6.0,19.8,-36.7,-26.368754879259274,-35.4,-76.0,-49.058620458411575
Gen Two Face Array 3 - Top,-40.1,99.7,-52.38182183820571,27.5,75.0,-38.121270189221946,30.0,0.0,6.0,-27.0,0.0,6.0
Gen Two Face Array 3 - Bottom,-27.0,0.0,6.0,30.0,0.0,6.0,43.6,-99.4,-62.56861675744882,-42.0,-85.8,-54.716653096469905
Gen Two Face Array 4 - Top,-35.4,70.9,-35.754134085544486,48.1,99.4,-52.20861675744882,19.4,0.0,6.0,-32.1,0.0,6.0
Gen Two Face Array 4 - Bottom,-32.1,0.0,6.0,19.4,0.0,6.0,48.3,-88.9,-56.50643893095775,-11.8,-46.2,-31.85358243656072
